A01B,"Agribusiness, Food Processing and Technology"
A01C,"Agribusiness, Food Processing and Technology"
A01D,"Agribusiness, Food Processing and Technology"
A01F,"Agribusiness, Food Processing and Technology"
A01G,"Agribusiness, Food Processing and Technology"
A01H,"Agribusiness, Food Processing and Technology"
A01J,"Agribusiness, Food Processing and Technology"
A01K,"Agribusiness, Food Processing and Technology"
A01L,"Agribusiness, Food Processing and Technology"
A01M,"Agribusiness, Food Processing and Technology"
A01N,"Agribusiness, Food Processing and Technology"
A01P,"Agribusiness, Food Processing and Technology"
A01R,"Agribusiness, Food Processing and Technology"
A01V,"Agribusiness, Food Processing and Technology"
A01W,"Agribusiness, Food Processing and Technology"
A04B,"Agribusiness, Food Processing and Technology"
A04M,"Agribusiness, Food Processing and Technology"
A12C,"Agribusiness, Food Processing and Technology"
A12N,"Agribusiness, Food Processing and Technology"
A16K,"Agribusiness, Food Processing and Technology"
A16L,"Agribusiness, Food Processing and Technology"
A17C,"Agribusiness, Food Processing and Technology"
A21B,"Agribusiness, Food Processing and Technology"
A21C,"Agribusiness, Food Processing and Technology"
A21D,"Agribusiness, Food Processing and Technology"
A21H,"Agribusiness, Food Processing and Technology"
A22B,"Agribusiness, Food Processing and Technology"
A22C,"Agribusiness, Food Processing and Technology"
A22G,"Agribusiness, Food Processing and Technology"
A23B,"Agribusiness, Food Processing and Technology"
A23C,"Agribusiness, Food Processing and Technology"
A23D,"Agribusiness, Food Processing and Technology"
A23F,"Agribusiness, Food Processing and Technology"
A23G,"Agribusiness, Food Processing and Technology"
A23J,"Agribusiness, Food Processing and Technology"
A23K,"Agribusiness, Food Processing and Technology"
A23L,"Agribusiness, Food Processing and Technology"
A23N,"Agribusiness, Food Processing and Technology"
A23P,"Agribusiness, Food Processing and Technology"
A24B,"Agribusiness, Food Processing and Technology"
A24C,"Agribusiness, Food Processing and Technology"
A24D,"Agribusiness, Food Processing and Technology"
A24F,Generic Manufacturing
A24G,Generic Manufacturing
A25D,Generic Manufacturing
A26K,Generic Manufacturing
A27B,Generic Manufacturing
A27C,Generic Manufacturing
A32D,Generic Manufacturing
A41B,Apparel and Textiles
A41C,Apparel and Textiles
A41D,Apparel and Textiles
A41F,Apparel and Textiles
A41G,Apparel and Textiles
A41H,Apparel and Textiles
A41J,Apparel and Textiles
A41L,Apparel and Textiles
A42B,Apparel and Textiles
A42C,Apparel and Textiles
A42D,Apparel and Textiles
A42F,Apparel and Textiles
A43B,Apparel and Textiles
A43C,Apparel and Textiles
A43D,Apparel and Textiles
A44B,Apparel and Textiles
A44C,Apparel and Textiles
A44G,Apparel and Textiles
A45A,Apparel and Textiles
A45B,Apparel and Textiles
A45C,Apparel and Textiles
A45D,Generic Manufacturing
A45F,Generic Manufacturing
A45G,Generic Manufacturing
A45L,Generic Manufacturing
A46B,Generic Manufacturing
A46D,Generic Manufacturing
A47B,Generic Manufacturing
A47C,Generic Manufacturing
A47D,Generic Manufacturing
A47F,Generic Manufacturing
A47G,Generic Manufacturing
A47H,Generic Manufacturing
A47J,Generic Manufacturing
A47K,Generic Manufacturing
A47L,Generic Manufacturing
A47R,Generic Manufacturing
A51K,Generic Manufacturing
A60P,Generic Manufacturing
A61B,Biomedical/Biotechnical (Life Sciences)
A61C,Biomedical/Biotechnical (Life Sciences)
A61D,Biomedical/Biotechnical (Life Sciences)
A61F,Biomedical/Biotechnical (Life Sciences)
A61G,Biomedical/Biotechnical (Life Sciences)
A61H,Biomedical/Biotechnical (Life Sciences)
A61J,Biomedical/Biotechnical (Life Sciences)
A61K,Biomedical/Biotechnical (Life Sciences)
A61L,Biomedical/Biotechnical (Life Sciences)
A61M,Biomedical/Biotechnical (Life Sciences)
A61N,Biomedical/Biotechnical (Life Sciences)
A61P,Biomedical/Biotechnical (Life Sciences)
A61Q,Biomedical/Biotechnical (Life Sciences)
A61R,Biomedical/Biotechnical (Life Sciences)
A61S,Biomedical/Biotechnical (Life Sciences)
A61U,Biomedical/Biotechnical (Life Sciences)
A62B,Biomedical/Biotechnical (Life Sciences)
A62C,Generic Manufacturing
A62D,Chemicals and Chemical-Based Products
A62G,Chemicals and Chemical-Based Products
A63B,Generic Manufacturing
A63C,Generic Manufacturing
A63D,Generic Manufacturing
A63F,Printing and Publishing
A63G,Generic Manufacturing
A63H,Generic Manufacturing
A63J,Generic Manufacturing
A63K,Generic Manufacturing
A63L,Appearal
A64B,Appearal
A65B,Appearal
A67F,Appearal
A71F,Appearal
A71N,Appearal
A87C,Appearal
B01B,Machinery Manufacturing
B01D,Machinery Manufacturing
B01F,Machinery Manufacturing
B01J,Chemicals and Chemical-Based Products
B01K,Chemicals and Chemical-Based Products
B01L,Chemicals and Chemical-Based Products
B01N,"Agribusiness, Food Processing and Technology"
B02B,"Agribusiness, Food Processing and Technology"
B02C,Machinery Manufacturing
B02F,Machinery Manufacturing
B02L,Machinery Manufacturing
B03B,Machinery Manufacturing
B03C,Machinery Manufacturing
B03D,Generic Manufacturing
B04B,Generic Manufacturing
B04C,Machinery Manufacturing
B05B,Machinery Manufacturing
B05C,Machinery Manufacturing
B05D,Machinery Manufacturing
B05L,Machinery Manufacturing
B06B,Machinery Manufacturing
B06G,Machinery Manufacturing
B06N,Machinery Manufacturing
B07B,Machinery Manufacturing
B07C,Machinery Manufacturing
B08B,Machinery Manufacturing
B09B,Mining
B09C,Mining
B09F,Mining
B09G,Mining
B10F,Mining
B10K,Mining
B10L,Mining
B12D,Mining
B21B,Primary Metal Manufacturing
B21C,Primary Metal Manufacturing
B21D,Primary Metal Manufacturing
B21F,Primary Metal Manufacturing
B21H,Primary Metal Manufacturing
B21J,Primary Metal Manufacturing
B21K,Primary Metal Manufacturing
B21L,Fabricated Metal Product Manufacturing
B22B,Fabricated Metal Product Manufacturing
B22C,Fabricated Metal Product Manufacturing
B22D,Primary Metal Manufacturing
B22F,Primary Metal Manufacturing
B23B,Fabricated Metal Product Manufacturing
B23C,Fabricated Metal Product Manufacturing
B23D,Primary Metal Manufacturing
B23F,Fabricated Metal Product Manufacturing
B23G,Fabricated Metal Product Manufacturing
B23H,Primary Metal Manufacturing
B23K,Fabricated Metal Product Manufacturing
B23L,Machinery Manufacturing
B23P,Machinery Manufacturing
B23Q,Machinery Manufacturing
B24B,Machinery Manufacturing
B24C,Fabricated Metal Product Manufacturing
B24D,Fabricated Metal Product Manufacturing
B24P,Fabricated Metal Product Manufacturing
B25B,Fabricated Metal Product Manufacturing
B25C,Fabricated Metal Product Manufacturing
B25D,Machinery Manufacturing
B25F,Machinery Manufacturing
B25G,Machinery Manufacturing
B25H,Machinery Manufacturing
B25J,Machinery Manufacturing
B25P,Transportatonhh
B26B,Fabricated Metal Product Manufacturing
B26D,Machinery Manufacturing
B26F,Fabricated Metal Product Manufacturing
B27B,Forest and Wood Products
B27C,Machinery Manufacturing
B27F,Forest and Wood Products
B27G,Machinery Manufacturing
B27H,Forest and Wood Products
B27J,Machinery Manufacturing
B27K,Chemicals and Chemical-Based Products
B27L,Forest and Wood Products
B27M,Forest and Wood Products
B27N,Forest and Wood Products
B28B,Machinery Manufacturing
B28C,Machinery Manufacturing
B28D,Mining
B28H,Generic Manufacturing
B29B,Non-Metal Product Manufacturing
B29C,Non-Metal Product Manufacturing
B29D,Non-Metal Product Manufacturing
B29F,"Agribusiness, Food Processing and Technology"
B29G,Transportation Equipment Manufacturing
B29H,Transportation Equipment Manufacturing
B29J,Transportation Equipment Manufacturing
B29L,Chemicals and Chemical-Based Products
B30B,Machinery Manufacturing
B31B,Printing and Publishing
B31C,Printing and Publishing
B31D,Printing and Publishing
B31F,Machinery Manufacturing
B32B,Construction Products and Services
B37B,Generic Manufacturing
B41B,Printing and Publishing
B41C,Printing and Publishing
B41D,Printing and Publishing
B41E,Printing and Publishing
B41F,Printing and Publishing
B41J,Printing and Publishing
B41K,Machinery Manufacturing
B41L,Printing and Publishing
B41M,Printing and Publishing
B41N,Printing and Publishing
B42B,Construction Products and Services
B42C,Printing and Publishing
B42D,Printing and Publishing
B42F,Printing and Publishing
B43K,Printing and Publishing
B43L,Printing and Publishing
B43M,Printing and Publishing
B44B,"Arts, Entertainment, Recreation and Visitor Industries"
B44C,"Arts, Entertainment, Recreation and Visitor Industries"
B44D,Printing and Publishing
B44F,"Arts, Entertainment, Recreation and Visitor Industries"
B47K,Generic Manufacturing
B49B,Generic Manufacturing
B51B,Generic Manufacturing
B56D,Generic Manufacturing
B60B,Transportation Equipment Manufacturing
B60C,Transportation Equipment Manufacturing
B60D,Transportation Equipment Manufacturing
B60F,Transportation Equipment Manufacturing
B60G,Transportation Equipment Manufacturing
B60H,Transportation Equipment Manufacturing
B60J,Transportation Equipment Manufacturing
B60K,Transportation Equipment Manufacturing
B60L,Transportation Equipment Manufacturing
B60M,Transportation Equipment Manufacturing
B60N,Transportation Equipment Manufacturing
B60P,Transportation Equipment Manufacturing
B60Q,Transportation Equipment Manufacturing
B60R,Transportation Equipment Manufacturing
B60S,Transportation Equipment Manufacturing
B60T,Transportation Equipment Manufacturing
B60V,Transportation Equipment Manufacturing
B60W,Transportation Equipment Manufacturing
B61B,Transportation Equipment Manufacturing
B61C,Transportation Equipment Manufacturing
B61D,Transportation Equipment Manufacturing
B61F,Transportation Equipment Manufacturing
B61G,Transportation Equipment Manufacturing
B61H,Transportation Equipment Manufacturing
B61J,Transportation Equipment Manufacturing
B61K,Transportation Equipment Manufacturing
B61L,Transportation Equipment Manufacturing
B62B,Transportation Equipment Manufacturing
B62D,Transportation Equipment Manufacturing
B62H,Transportation Equipment Manufacturing
B62J,Transportation Equipment Manufacturing
B62K,Transportation Equipment Manufacturing
B62L,Transportation Equipment Manufacturing
B62M,Transportation Equipment Manufacturing
B62O,Transportation Equipment Manufacturing
B63B,Transportation Equipment Manufacturing
B63C,Transportation Equipment Manufacturing
B63D,Transportation Equipment Manufacturing
B63F,Transportation Equipment Manufacturing
B63G,Transportation Equipment Manufacturing
B63H,Transportation Equipment Manufacturing
B64B,Transportation Equipment Manufacturing
B64C,Transportation Equipment Manufacturing
B64D,Transportation Equipment Manufacturing
B64F,Transportation Equipment Manufacturing
B64G,Transportation Equipment Manufacturing
B64H,Machinery Manufacturing
B65A,Machinery Manufacturing
B65B,Machinery Manufacturing
B65C,Machinery Manufacturing
B65D,Construction Products and Services
B65F,Mining
B65G,Transportation and Logistics
B65H,Machinery Manufacturing
B65J,Transportation Equipment Manufacturing
B66B,Machinery Manufacturing
B66C,Machinery Manufacturing
B66D,Machinery Manufacturing
B66F,Machinery Manufacturing
B67B,Machinery Manufacturing
B67C,Machinery Manufacturing
B67D,Transportation and Logistics
B67F,Transportation and Logistics
B68B,Generic Manufacturing
B68C,Machinery Manufacturing
B68D,Machinery Manufacturing
B68G,Apparel and Textiles
B81B,"Electrical Equip, Appliance and Component Manufacturing"
B82Y,"Electrical Equip, Appliance and Component Manufacturing"
C00F,Chemicals and Chemical-Based Products
C00K,Chemicals and Chemical-Based Products
C01B,Chemicals and Chemical-Based Products
C01C,Chemicals and Chemical-Based Products
C01D,Chemicals and Chemical-Based Products
C01F,Chemicals and Chemical-Based Products
C01G,Chemicals and Chemical-Based Products
C01H,Chemicals and Chemical-Based Products
C01L,Chemicals and Chemical-Based Products
C01N,Chemicals and Chemical-Based Products
C01S,Chemicals and Chemical-Based Products
C02B,Chemicals and Chemical-Based Products
C02C,Chemicals and Chemical-Based Products
C02D,Chemicals and Chemical-Based Products
C02F,Chemicals and Chemical-Based Products
C03B,Non-Metal Product Manufacturing
C03C,Chemicals and Chemical-Based Products
C03H,Chemicals and Chemical-Based Products
C04B,Chemicals and Chemical-Based Products
C04C,Chemicals and Chemical-Based Products
C04F,Chemicals and Chemical-Based Products
C05B,Chemicals and Chemical-Based Products
C05C,Chemicals and Chemical-Based Products
C05D,Chemicals and Chemical-Based Products
C05F,Chemicals and Chemical-Based Products
C05G,Chemicals and Chemical-Based Products
C06B,Defense and Security
C06C,Chemicals and Chemical-Based Products
C06D,Defense and Security
C06F,Generic Manufacturing
C06G,Defense and Security
C06K,Information Technology and Telecommunications
C06Q,Information Technology and Telecommunications
C07B,Chemicals and Chemical-Based Products
C07C,Chemicals and Chemical-Based Products
C07D,Chemicals and Chemical-Based Products
C07F,Chemicals and Chemical-Based Products
C07G,Chemicals and Chemical-Based Products
C07H,Chemicals and Chemical-Based Products
C07J,Biomedical/Biotechnical (Life Sciences)
C07K,Biomedical/Biotechnical (Life Sciences)
C07L,Biomedical/Biotechnical (Life Sciences)
C07R,Biomedical/Biotechnical (Life Sciences)
C08B,Biomedical/Biotechnical (Life Sciences)
C08C,Chemicals and Chemical-Based Products
C08D,Chemicals and Chemical-Based Products
C08F,Chemicals and Chemical-Based Products
C08G,Chemicals and Chemical-Based Products
C08H,Chemicals and Chemical-Based Products
C08J,Chemicals and Chemical-Based Products
C08K,Chemicals and Chemical-Based Products
C08L,Chemicals and Chemical-Based Products
C08N,Chemicals and Chemical-Based Products
C09B,Biomedical/Biotechnical (Life Sciences)
C09C,Biomedical/Biotechnical (Life Sciences)
C09D,Chemicals and Chemical-Based Products
C09F,Chemicals and Chemical-Based Products
C09G,Chemicals and Chemical-Based Products
C09H,Chemicals and Chemical-Based Products
C09J,Chemicals and Chemical-Based Products
C09K,Chemicals and Chemical-Based Products
C09L,Chemicals and Chemical-Based Products
C10B,Chemicals and Chemical-Based Products
C10C,Chemicals and Chemical-Based Products
C10G,Energy (Fossil and Renewable)
C10J,Chemicals and Chemical-Based Products
C10K,Chemicals and Chemical-Based Products
C10L,Energy (Fossil and Renewable)
C10m,Chemicals and Chemical-Based Products
C11B,Chemicals and Chemical-Based Products
C11C,Chemicals and Chemical-Based Products
C11D,Chemicals and Chemical-Based Products
C12B,Chemicals and Chemical-Based Products
C12C,"Agribusiness, Food Processing and Technology"
C12D,"Agribusiness, Food Processing and Technology"
C12G,"Agribusiness, Food Processing and Technology"
C12H,"Agribusiness, Food Processing and Technology"
C12K,Biomedical/Biotechnical (Life Sciences)
C12M,Biomedical/Biotechnical (Life Sciences)
C12N,Biomedical/Biotechnical (Life Sciences)
C12P,Chemicals and Chemical-Based Products
C12Q,"Electrical Equip, Appliance and Component Manufacturing"
C12R,Chemicals and Chemical-Based Products
C12S,Biomedical/Biotechnical (Life Sciences)
C12W,Biomedical/Biotechnical (Life Sciences)
C13D,Biomedical/Biotechnical (Life Sciences)
C13G,Biomedical/Biotechnical (Life Sciences)
C13K,Biomedical/Biotechnical (Life Sciences)
C13L,Chemicals and Chemical-Based Products
C14B,Apparel and Textiles
C14C,Chemicals and Chemical-Based Products
C14M,Chemicals and Chemical-Based Products
C17B,Chemicals and Chemical-Based Products
C17N,Chemicals and Chemical-Based Products
C21B,Primary Metal Manufacturing
C21C,Primary Metal Manufacturing
C21D,Primary Metal Manufacturing
C21P,"Agribusiness, Food Processing and Technology"
C22B,Primary Metal Manufacturing
C22C,Primary Metal Manufacturing
C22D,Primary Metal Manufacturing
C22F,Primary Metal Manufacturing
C22N,"Agribusiness, Food Processing and Technology"
C23C,Chemicals and Chemical-Based Products
C23F,Primary Metal Manufacturing
C23G,Chemicals and Chemical-Based Products
C23N,Chemicals and Chemical-Based Products
C25B,Chemicals and Chemical-Based Products
C25C,Chemicals and Chemical-Based Products
C25D,Generic Manufacturing
C25F,Generic Manufacturing
C30B,Non-Metal Product Manufacturing
C38L,Non-Metal Product Manufacturing
C40B,Chemicals and Chemical-Based Products
C97C,Chemicals and Chemical-Based Products
CO7F,Chemicals and Chemical-Based Products
D0101,"Agribusiness, Food Processing and Technology"
D0106,"Agribusiness, Food Processing and Technology"
D01D,"Agribusiness, Food Processing and Technology"
D01F,Non-Metal Product Manufacturing
D01G,Non-Metal Product Manufacturing
D01H,Non-Metal Product Manufacturing
D01N,Non-Metal Product Manufacturing
D0201,Non-Metal Product Manufacturing
D0202,Non-Metal Product Manufacturing
D0203,Non-Metal Product Manufacturing
D0204,Non-Metal Product Manufacturing
D0205,Non-Metal Product Manufacturing
D0206,Non-Metal Product Manufacturing
D0207,Non-Metal Product Manufacturing
D0299,Non-Metal Product Manufacturing
D02G,Non-Metal Product Manufacturing
D02J,Non-Metal Product Manufacturing
D0301,Non-Metal Product Manufacturing
D0302,Non-Metal Product Manufacturing
D0303,Non-Metal Product Manufacturing
D0304,Non-Metal Product Manufacturing
D0399,Non-Metal Product Manufacturing
D03D,Non-Metal Product Manufacturing
D03J,Non-Metal Product Manufacturing
D0401,Non-Metal Product Manufacturing
D0402,Non-Metal Product Manufacturing
D0404,Non-Metal Product Manufacturing
D04B,Non-Metal Product Manufacturing
D04D,Non-Metal Product Manufacturing
D04H,Non-Metal Product Manufacturing
D0502,Non-Metal Product Manufacturing
D0505,Non-Metal Product Manufacturing
D0506,Non-Metal Product Manufacturing
D05B,Non-Metal Product Manufacturing
D05C,Non-Metal Product Manufacturing
D0601,Non-Metal Product Manufacturing
D0602,Non-Metal Product Manufacturing
D0603,Non-Metal Product Manufacturing
D0604,Non-Metal Product Manufacturing
D0605,Non-Metal Product Manufacturing
D0606,Non-Metal Product Manufacturing
D0607,Non-Metal Product Manufacturing
D0608,Non-Metal Product Manufacturing
D0609,Non-Metal Product Manufacturing
D0610,Non-Metal Product Manufacturing
D0613,Non-Metal Product Manufacturing
D0699,Non-Metal Product Manufacturing
D06B,Non-Metal Product Manufacturing
D06C,Non-Metal Product Manufacturing
D06F,Non-Metal Product Manufacturing
D06H,Non-Metal Product Manufacturing
D06L,Non-Metal Product Manufacturing
D06M,Non-Metal Product Manufacturing
D06N,Non-Metal Product Manufacturing
D06P,Non-Metal Product Manufacturing
D06Q,Non-Metal Product Manufacturing
D0701,Non-Metal Product Manufacturing
D0702,Non-Metal Product Manufacturing
D0703,Non-Metal Product Manufacturing
D0704,Non-Metal Product Manufacturing
D0705,Non-Metal Product Manufacturing
D0706,Non-Metal Product Manufacturing
D0707,Non-Metal Product Manufacturing
D0708,Non-Metal Product Manufacturing
D0799,Non-Metal Product Manufacturing
D07B,Non-Metal Product Manufacturing
D0801,Non-Metal Product Manufacturing
D0802,Non-Metal Product Manufacturing
D0803,Non-Metal Product Manufacturing
D0804,Non-Metal Product Manufacturing
D0805,Non-Metal Product Manufacturing
D0806,Non-Metal Product Manufacturing
D0807,Non-Metal Product Manufacturing
D0808,Non-Metal Product Manufacturing
D0809,Non-Metal Product Manufacturing
D083,Non-Metal Product Manufacturing
D0898,Non-Metal Product Manufacturing
D0901,Non-Metal Product Manufacturing
D0902,Non-Metal Product Manufacturing
D0903,Non-Metal Product Manufacturing
D0905,Non-Metal Product Manufacturing
D0907,Non-Metal Product Manufacturing
D0908,Non-Metal Product Manufacturing
D0909,Non-Metal Product Manufacturing
D0999,Non-Metal Product Manufacturing
D1001,Non-Metal Product Manufacturing
D1002,Non-Metal Product Manufacturing
D1003,Non-Metal Product Manufacturing
D1004,Non-Metal Product Manufacturing
D1005,Non-Metal Product Manufacturing
D1006,Non-Metal Product Manufacturing
D1007,Non-Metal Product Manufacturing
D1101,Non-Metal Product Manufacturing
D1102,Non-Metal Product Manufacturing
D1103,Non-Metal Product Manufacturing
D1104,Non-Metal Product Manufacturing
D1105,Non-Metal Product Manufacturing
D1202,Non-Metal Product Manufacturing
D1205,Non-Metal Product Manufacturing
D1206,Non-Metal Product Manufacturing
D1207,Non-Metal Product Manufacturing
D1208,Non-Metal Product Manufacturing
D1210,Non-Metal Product Manufacturing
D1211,Non-Metal Product Manufacturing
D1212,Non-Metal Product Manufacturing
D1213,Non-Metal Product Manufacturing
D1214,Non-Metal Product Manufacturing
D1216,Non-Metal Product Manufacturing
D1299,Non-Metal Product Manufacturing
D12C,Non-Metal Product Manufacturing
D1301,Non-Metal Product Manufacturing
D1302,Non-Metal Product Manufacturing
D1303,Non-Metal Product Manufacturing
D1399,Non-Metal Product Manufacturing
D1401,Non-Metal Product Manufacturing
D1402,Non-Metal Product Manufacturing
D1403,Non-Metal Product Manufacturing
D1499,Non-Metal Product Manufacturing
D1501,Non-Metal Product Manufacturing
D1502,Non-Metal Product Manufacturing
D1503,Non-Metal Product Manufacturing
D1504,Non-Metal Product Manufacturing
D1505,Non-Metal Product Manufacturing
D1506,Non-Metal Product Manufacturing
D1507,Non-Metal Product Manufacturing
D1508,Non-Metal Product Manufacturing
D1509,Non-Metal Product Manufacturing
D1599,Non-Metal Product Manufacturing
D1601,Non-Metal Product Manufacturing
D1602,Non-Metal Product Manufacturing
D1605,Non-Metal Product Manufacturing
D1606,Non-Metal Product Manufacturing
D1703,Non-Metal Product Manufacturing
D1801,Non-Metal Product Manufacturing
D1802,Non-Metal Product Manufacturing
D1803,Non-Metal Product Manufacturing
D1901,Non-Metal Product Manufacturing
D1902,Non-Metal Product Manufacturing
D1904,Non-Metal Product Manufacturing
D1906,Non-Metal Product Manufacturing
D1907,Non-Metal Product Manufacturing
D1908,Non-Metal Product Manufacturing
D1999,Non-Metal Product Manufacturing
D2001,Non-Metal Product Manufacturing
D2002,Non-Metal Product Manufacturing
D2003,Non-Metal Product Manufacturing
D2099,Non-Metal Product Manufacturing
D2101,Non-Metal Product Manufacturing
D2102,Non-Metal Product Manufacturing
D2103,Non-Metal Product Manufacturing
D2104,Non-Metal Product Manufacturing
D2199,Non-Metal Product Manufacturing
D21B,Non-Metal Product Manufacturing
D21C,Non-Metal Product Manufacturing
D21D,Non-Metal Product Manufacturing
D21F,Non-Metal Product Manufacturing
D21H,Non-Metal Product Manufacturing
D2201,Non-Metal Product Manufacturing
D2202,Non-Metal Product Manufacturing
D2203,Non-Metal Product Manufacturing
D2205,Non-Metal Product Manufacturing
D2206,Non-Metal Product Manufacturing
D2301,Non-Metal Product Manufacturing
D2302,Non-Metal Product Manufacturing
D2303,Non-Metal Product Manufacturing
D2304,Non-Metal Product Manufacturing
D2399,Non-Metal Product Manufacturing
D2401,Non-Metal Product Manufacturing
D2402,Non-Metal Product Manufacturing
D2403,Non-Metal Product Manufacturing
D2404,Non-Metal Product Manufacturing
D2499,Non-Metal Product Manufacturing
D2501,Non-Metal Product Manufacturing
D2502,Non-Metal Product Manufacturing
D2503,Non-Metal Product Manufacturing
D2504,Non-Metal Product Manufacturing
D2599,Non-Metal Product Manufacturing
D25C,Non-Metal Product Manufacturing
D2601,Non-Metal Product Manufacturing
D2602,Non-Metal Product Manufacturing
D2603,Non-Metal Product Manufacturing
D2604,Non-Metal Product Manufacturing
D2605,Non-Metal Product Manufacturing
D2606,Non-Metal Product Manufacturing
D2699,Non-Metal Product Manufacturing
D2702,Non-Metal Product Manufacturing
D2703,Non-Metal Product Manufacturing
D2706,Non-Metal Product Manufacturing
D2801,Non-Metal Product Manufacturing
D2802,Non-Metal Product Manufacturing
D2803,Non-Metal Product Manufacturing
D2804,Non-Metal Product Manufacturing
D2899,Non-Metal Product Manufacturing
D2902,Non-Metal Product Manufacturing
D3001,Non-Metal Product Manufacturing
D3002,Non-Metal Product Manufacturing
D3003,Non-Metal Product Manufacturing
D3004,Non-Metal Product Manufacturing
D3006,Non-Metal Product Manufacturing
D3099,Non-Metal Product Manufacturing
D3100,Non-Metal Product Manufacturing
D47C,Non-Metal Product Manufacturing
D60T,Non-Metal Product Manufacturing
D65D,Non-Metal Product Manufacturing
D9900,Non-Metal Product Manufacturing
E01B,Mining
E01C,Mining
E01D,Transportation Equipment Manufacturing
E01F,Transportation Equipment Manufacturing
E01H,Transportation Equipment Manufacturing
E02B,Machinery Manufacturing
E02C,Machinery Manufacturing
E02D,Mining
E02E,Mining
E02F,Mining
E03B,Mining
E03C,Mining
E03D,Generic Manufacturing
E03F,Biomedical/Biotechnical (Life Sciences)
E04B,Construction Products and Services
E04C,Generic Manufacturing
E04D,Generic Manufacturing
E04E,Generic Manufacturing
E04F,Generic Manufacturing
E04G,Generic Manufacturing
E04H,Generic Manufacturing
E05B,Generic Manufacturing
E05C,Fabricated Metal Product Manufacturing
E05D,Fabricated Metal Product Manufacturing
E05F,Fabricated Metal Product Manufacturing
E05G,Fabricated Metal Product Manufacturing
E06B,Fabricated Metal Product Manufacturing
E06C,Fabricated Metal Product Manufacturing
E20D,Fabricated Metal Product Manufacturing
E21B,Mining
E21C,Mining
E21D,Mining
E21F,Defense and Security
E25B,"Agribusiness, Food Processing and Technology"
F01B,Machinery Manufacturing
F01C,Machinery Manufacturing
F01D,Machinery Manufacturing
F01G,Machinery Manufacturing
F01K,Machinery Manufacturing
F01L,Machinery Manufacturing
F01M,Machinery Manufacturing
F01N,Machinery Manufacturing
F01P,Machinery Manufacturing
F02B,Machinery Manufacturing
F02C,Transportation Equipment Manufacturing
F02D,Machinery Manufacturing
F02F,Machinery Manufacturing
F02G,Machinery Manufacturing
F02K,Transportation Equipment Manufacturing
F02M,Machinery Manufacturing
F02N,Machinery Manufacturing
F02P,Machinery Manufacturing
F03B,Machinery Manufacturing
F03C,Machinery Manufacturing
F03D,Machinery Manufacturing
F03G,Machinery Manufacturing
F03H,Machinery Manufacturing
F04B,Machinery Manufacturing
F04C,Machinery Manufacturing
F04D,Machinery Manufacturing
F04E,Machinery Manufacturing
F04F,Machinery Manufacturing
F04G,Machinery Manufacturing
F05C,Machinery Manufacturing
F10H,Machinery Manufacturing
F10L,Machinery Manufacturing
F12V,Machinery Manufacturing
F15B,Machinery Manufacturing
F15C,Computer and Electronic Product Manufacturing
F15D,Machinery Manufacturing
F16B,Construction Products and Services
F16C,Fabricated Metal Product Manufacturing
F16D,Fabricated Metal Product Manufacturing
F16F,Machinery Manufacturing
F16G,Generic Manufacturing
F16H,Fabricated Metal Product Manufacturing
F16J,Fabricated Metal Product Manufacturing
F16K,Fabricated Metal Product Manufacturing
F16L,Fabricated Metal Product Manufacturing
F16M,Fabricated Metal Product Manufacturing
F16N,Machinery Manufacturing
F16P,Defense and Security
F16S,Construction Products and Services
F16T,Machinery Manufacturing
F17B,Machinery Manufacturing
F17C,Machinery Manufacturing
F17D,Machinery Manufacturing
F17G,Chemicals and Chemical-Based Products
F17L,Chemicals and Chemical-Based Products
F21B,Chemicals and Chemical-Based Products
F21C,Machinery Manufacturing
F21H,Machinery Manufacturing
F21J,"Electrical Equip, Appliance and Component Manufacturing"
F21K,"Electrical Equip, Appliance and Component Manufacturing"
F21L,"Electrical Equip, Appliance and Component Manufacturing"
F21M,"Electrical Equip, Appliance and Component Manufacturing"
F21N,"Electrical Equip, Appliance and Component Manufacturing"
F21P,"Electrical Equip, Appliance and Component Manufacturing"
F21S,"Electrical Equip, Appliance and Component Manufacturing"
F21V,"Electrical Equip, Appliance and Component Manufacturing"
F21W,Chemicals and Chemical-Based Products
F21Y,Chemicals and Chemical-Based Products
F22B,Machinery Manufacturing
F22D,Machinery Manufacturing
F22G,Machinery Manufacturing
F23B,Machinery Manufacturing
F23C,Machinery Manufacturing
F23D,Machinery Manufacturing
F23G,Machinery Manufacturing
F23H,Fabricated Metal Product Manufacturing
F23J,Machinery Manufacturing
F23K,Machinery Manufacturing
F23L,Machinery Manufacturing
F23M,Machinery Manufacturing
F23N,Machinery Manufacturing
F23Q,Machinery Manufacturing
F24B,Machinery Manufacturing
F24C,Machinery Manufacturing
F24D,Machinery Manufacturing
F24F,Machinery Manufacturing
F24H,Machinery Manufacturing
F24J,Machinery Manufacturing
F24M,Machinery Manufacturing
F25B,Machinery Manufacturing
F25C,"Agribusiness, Food Processing and Technology"
F25D,"Agribusiness, Food Processing and Technology"
F25J,Machinery Manufacturing
F26B,Machinery Manufacturing
F27B,Machinery Manufacturing
F27D,Machinery Manufacturing
F28B,Machinery Manufacturing
F28C,Chemicals and Chemical-Based Products
F28D,Machinery Manufacturing
F28E,Machinery Manufacturing
F28F,Machinery Manufacturing
F28G,Machinery Manufacturing
F29B,Machinery Manufacturing
F31V,Machinery Manufacturing
F41A,Machinery Manufacturing
F41B,Defense and Security
F41C,Defense and Security
F41D,Defense and Security
F41F,Defense and Security
F41G,Defense and Security
F41H,Defense and Security
F41J,Defense and Security
F42B,Defense and Security
F42C,Defense and Security
F42D,Mining
F60D,Generic Manufacturing
F61F,Generic Manufacturing
F65D,Generic Manufacturing
F65G,Generic Manufacturing
F91C,Defense and Security
G01B,"Electrical Equip, Appliance and Component Manufacturing"
G01C,"Electrical Equip, Appliance and Component Manufacturing"
G01D,"Electrical Equip, Appliance and Component Manufacturing"
G01F,"Electrical Equip, Appliance and Component Manufacturing"
G01G,"Electrical Equip, Appliance and Component Manufacturing"
G01H,"Electrical Equip, Appliance and Component Manufacturing"
G01J,"Electrical Equip, Appliance and Component Manufacturing"
G01K,"Electrical Equip, Appliance and Component Manufacturing"
G01L,"Electrical Equip, Appliance and Component Manufacturing"
G01M,"Electrical Equip, Appliance and Component Manufacturing"
G01N,Chemicals and Chemical-Based Products
G01P,"Electrical Equip, Appliance and Component Manufacturing"
G01Q,Information Technology and Telecommunications
G01R,"Electrical Equip, Appliance and Component Manufacturing"
G01S,Information Technology and Telecommunications
G01T,"Electrical Equip, Appliance and Component Manufacturing"
G01V,"Electrical Equip, Appliance and Component Manufacturing"
G01W,"Electrical Equip, Appliance and Component Manufacturing"
G02B,Non-Metal Product Manufacturing
G02C,Non-Metal Product Manufacturing
G02F,Non-Metal Product Manufacturing
G02G,Non-Metal Product Manufacturing
G02S,Non-Metal Product Manufacturing
G03B,Non-Metal Product Manufacturing
G03C,Non-Metal Product Manufacturing
G03D,Non-Metal Product Manufacturing
G03F,Printing and Publishing
G03G,Non-Metal Product Manufacturing
G03H,Non-Metal Product Manufacturing
G04B,Machinery Manufacturing
G04C,Machinery Manufacturing
G04F,"Electrical Equip, Appliance and Component Manufacturing"
G04G,"Electrical Equip, Appliance and Component Manufacturing"
G05B,"Electrical Equip, Appliance and Component Manufacturing"
G05D,Machinery Manufacturing
G05F,"Electrical Equip, Appliance and Component Manufacturing"
G05G,"Electrical Equip, Appliance and Component Manufacturing"
G05R,"Electrical Equip, Appliance and Component Manufacturing"
G06C,Computer and Electronic Product Manufacturing
G06E,Computer and Electronic Product Manufacturing
G06F,Information Technology and Telecommunications
G06G,Computer and Electronic Product Manufacturing
G06J,Computer and Electronic Product Manufacturing
G06K,Information Technology and Telecommunications
G06L,Information Technology and Telecommunications
G06M,Information Technology and Telecommunications
G06N,Computer and Electronic Product Manufacturing
G06P,Computer and Electronic Product Manufacturing
G06Q,Information Technology and Telecommunications
G06T,Information Technology and Telecommunications
G07B,Information Technology and Telecommunications
G07C,Information Technology and Telecommunications
G07D,Machinery Manufacturing
G07F,Machinery Manufacturing
G07G,Machinery Manufacturing
G07K,Chemicals and Chemical-Based Products
G08B,Information Technology and Telecommunications
G08C,"Electrical Equip, Appliance and Component Manufacturing"
G08F,"Electrical Equip, Appliance and Component Manufacturing"
G08G,Information Technology and Telecommunications
G08L,Chemicals and Chemical-Based Products
G09B,Information Technology and Telecommunications
G09C,Information Technology and Telecommunications
G09D,Printing and Publishing
G09F,Printing and Publishing
G09G,Information Technology and Telecommunications
G10B,Generic Manufacturing
G10C,Non-Metal Product Manufacturing
G10D,Non-Metal Product Manufacturing
G10F,Non-Metal Product Manufacturing
G10G,Non-Metal Product Manufacturing
G10H,Non-Metal Product Manufacturing
G10K,Non-Metal Product Manufacturing
G10L,Information Technology and Telecommunications
G11B,Information Technology and Telecommunications
G11C,Information Technology and Telecommunications
G12B,Information Technology and Telecommunications
G12P,Chemicals and Chemical-Based Products
G21B,Energy (Fossil and Renewable)
G21C,Energy (Fossil and Renewable)
G21F,Energy (Fossil and Renewable)
G21G,Chemicals and Chemical-Based Products
G21H,Energy (Fossil and Renewable)
G21K,Chemicals and Chemical-Based Products
G22F,Energy (Fossil and Renewable)
G60F,Energy (Fossil and Renewable)
G64G,Energy (Fossil and Renewable)
G65D,Energy (Fossil and Renewable)
H01A,Energy (Fossil and Renewable)
H01B,Computer and Electronic Product Manufacturing
H01C,"Electrical Equip, Appliance and Component Manufacturing"
H01D,"Agribusiness, Food Processing and Technology"
H01F,"Electrical Equip, Appliance and Component Manufacturing"
H01G,"Electrical Equip, Appliance and Component Manufacturing"
H01H,"Electrical Equip, Appliance and Component Manufacturing"
H01J,"Electrical Equip, Appliance and Component Manufacturing"
H01K,"Electrical Equip, Appliance and Component Manufacturing"
H01L,"Electrical Equip, Appliance and Component Manufacturing"
H01M,Energy (Fossil and Renewable)
H01N,Energy (Fossil and Renewable)
H01P,"Electrical Equip, Appliance and Component Manufacturing"
H01Q,"Electrical Equip, Appliance and Component Manufacturing"
H01R,"Electrical Equip, Appliance and Component Manufacturing"
H01S,Generic Manufacturing
H01T,"Electrical Equip, Appliance and Component Manufacturing"
H01V,Mining
H02B,"Electrical Equip, Appliance and Component Manufacturing"
H02G,"Electrical Equip, Appliance and Component Manufacturing"
H02H,"Electrical Equip, Appliance and Component Manufacturing"
H02J,"Electrical Equip, Appliance and Component Manufacturing"
H02K,"Electrical Equip, Appliance and Component Manufacturing"
H02M,"Electrical Equip, Appliance and Component Manufacturing"
H02N,"Electrical Equip, Appliance and Component Manufacturing"
H02P,Machinery Manufacturing
H02Q,Energy (Fossil and Renewable)
H02R,Energy (Fossil and Renewable)
H02S,Energy (Fossil and Renewable)
H03B,"Electrical Equip, Appliance and Component Manufacturing"
H03C,"Electrical Equip, Appliance and Component Manufacturing"
H03D,"Electrical Equip, Appliance and Component Manufacturing"
H03F,Information Technology and Telecommunications
H03G,Information Technology and Telecommunications
H03H,Information Technology and Telecommunications
H03K,Information Technology and Telecommunications
H03L,Information Technology and Telecommunications
H03M,Information Technology and Telecommunications
H04B,Information Technology and Telecommunications
H04C,Information Technology and Telecommunications
H04G,Information Technology and Telecommunications
H04H,Information Technology and Telecommunications
H04I,Information Technology and Telecommunications
H04J,Information Technology and Telecommunications
H04K,Information Technology and Telecommunications
H04L,Information Technology and Telecommunications
H04M,Information Technology and Telecommunications
H04N,Information Technology and Telecommunications
H04Q,Information Technology and Telecommunications
H04R,Information Technology and Telecommunications
H04W,Information Technology and Telecommunications
H05B,"Electrical Equip, Appliance and Component Manufacturing"
H05F,"Electrical Equip, Appliance and Component Manufacturing"
H05G,"Electrical Equip, Appliance and Component Manufacturing"
H05H,"Electrical Equip, Appliance and Component Manufacturing"
H05K,"Electrical Equip, Appliance and Component Manufacturing"
H05V,Information Technology and Telecommunications
H06F,Unknown
H07K,Unknown
H07M,Unknown
H08H,Unknown
H09M,Unknown
H10J,Unknown
H10L,Unknown
H20K,Unknown
H43D,Unknown
H47G,Unknown
H47J,Unknown
H61K,Unknown
H63H,Unknown
HO5B,Unknown
L02F,Unknown
L04C,Unknown
P23P,Unknown
P23Q,Unknown
Q06Q,Unknown
R02D,Unknown
